what,kind,bundleId,bundleVersion,description,time
started,bundle,org.eclipse.wst.common.frameworks,1.2.0.v201003040800,"org.eclipse.wst.common.frameworks",1425347688477
started,bundle,org.eclipse.wst.common.core,1.2.0.v200908252030,"org.eclipse.wst.common.core",1425347688580
started,bundle,org.eclipse.jem.util,2.1.2.v201008120100,"org.eclipse.jem.util",1425347688584
started,bundle,org.eclipse.wst.common.emf,1.2.1.v201008260500,"org.eclipse.wst.common.emf",1425347688622
started,bundle,org.eclipse.jst.j2ee.core,1.2.2.v201008120100,"org.eclipse.jst.j2ee.core",1425347688628
started,bundle,org.eclipse.wst.common.emfworkbench.integration,1.2.2.v201008242000,"org.eclipse.wst.common.emfworkbench.integration",1425347688695
started,bundle,org.eclipse.wst.common.modulecore,1.2.3.v201008242000,"org.eclipse.wst.common.modulecore",1425347688780
started,bundle,org.eclipse.jem,2.0.400.v201005110200,"org.eclipse.jem",1425347688849
started,bundle,org.eclipse.wst.common.frameworks.ui,1.2.0.v201004080500,"org.eclipse.wst.common.frameworks.ui",1425347688923
started,bundle,org.eclipse.wst.xml.core,1.1.502.v201009010342,"org.eclipse.wst.xml.core",1425347688950
started,bundle,org.eclipse.wst.validation,1.2.200.v201005271900,"org.eclipse.wst.validation",1425347688995
started,bundle,org.eclipse.jst.j2ee,1.1.402.v201009151730,"org.eclipse.jst.j2ee",1425347689090
started,bundle,org.eclipse.jst.server.core,1.2.101.v20100421,"org.eclipse.jst.server.core",1425347689121
started,bundle,org.eclipse.jst.jee,1.0.301.v201007151900,"org.eclipse.jst.jee",1425347689199
deactivated,workbench,org.eclipse.ui.workbench,3.6.1.M20100826-1330,"",1425347695206
activated,workbench,org.eclipse.ui.workbench,3.6.1.M20100826-1330,"",1425348020066
activated,editor,org.eclipse.jdt.ui,3.6.1.r361_v20100825-0800,"org.eclipse.jdt.ui.CompilationUnitEditor",1425348022040
executed,command,org.eclipse.ui,3.6.1.M20100826-1330,"org.eclipse.ui.edit.paste",1425348028351
executed,command,,,"AUTOGEN:::org.eclipse.jdt.internal.ui.CompilationUnitEditor.ruler.actions/org.eclipse.jdt.internal.ui.javaeditor.JavaSelectRulerAction",1425348033507
deactivated,workbench,org.eclipse.ui.workbench,3.6.1.M20100826-1330,"",1425348034896
activated,workbench,org.eclipse.ui.workbench,3.6.1.M20100826-1330,"",1425348035137
started,bundle,org.eclipse.mylyn.ide.ui,3.4.0.v20100608-0100-e3x,"org.eclipse.mylyn.ide.ui",1425348050662
started,bundle,org.eclipse.jst.ws.jaxws.ui,1.0.1.v201008232129,"org.eclipse.jst.ws.jaxws.ui",1425348050736
started,bundle,org.eclipse.mylyn.java.ui,3.4.0.v20100608-0100-e3x,"org.eclipse.mylyn.java.ui",1425348050743
started,bundle,org.eclipse.pde.api.tools,1.0.202.v20100820_r361,"org.eclipse.pde.api.tools",1425348050939
started,bundle,org.eclipse.pde.api.tools.ui,1.0.201.v20100820_r361,"org.eclipse.pde.api.tools.ui",1425348050950
executed,command,org.eclipse.ui,3.6.1.M20100826-1330,"org.eclipse.ui.edit.text.contentAssist.proposals",1425348051697
executed,command,,,"AUTOGEN:::org.eclipse.jdt.internal.ui.CompilationUnitEditor.ruler.actions/org.eclipse.jdt.internal.ui.javaeditor.JavaSelectRulerAction",1425348072722
deactivated,workbench,org.eclipse.ui.workbench,3.6.1.M20100826-1330,"",1425348073966
activated,workbench,org.eclipse.ui.workbench,3.6.1.M20100826-1330,"",1425348074190
executed,command,org.eclipse.ui,3.6.1.M20100826-1330,"org.eclipse.ui.edit.text.contentAssist.proposals",1425348080122
deactivated,workbench,org.eclipse.ui.workbench,3.6.1.M20100826-1330,"",1425348090328
activated,workbench,org.eclipse.ui.workbench,3.6.1.M20100826-1330,"",1425348098521
executed,command,org.eclipse.ui,3.6.1.M20100826-1330,"org.eclipse.ui.edit.paste",1425348102390
executed,command,org.eclipse.ui,3.6.1.M20100826-1330,"org.eclipse.ui.file.save",1425348122108
activated,view,org.eclipse.ui.console,3.5.0.v20100526,"org.eclipse.ui.console.ConsoleView",1425348130563
activated,editor,org.eclipse.jdt.ui,3.6.1.r361_v20100825-0800,"org.eclipse.jdt.ui.CompilationUnitEditor",1425348135676
executed,command,org.eclipse.ui,3.6.1.M20100826-1330,"org.eclipse.ui.edit.text.contentAssist.proposals",1425348137235
executed,command,org.eclipse.ui,3.6.1.M20100826-1330,"org.eclipse.ui.file.save",1425348144470
activated,view,org.eclipse.ui.console,3.5.0.v20100526,"org.eclipse.ui.console.ConsoleView",1425348150523
deactivated,workbench,org.eclipse.ui.workbench,3.6.1.M20100826-1330,"",1425348151292
activated,workbench,org.eclipse.ui.workbench,3.6.1.M20100826-1330,"",1425348152701
activated,editor,org.eclipse.jdt.ui,3.6.1.r361_v20100825-0800,"org.eclipse.jdt.ui.CompilationUnitEditor",1425348163617
executed,command,org.eclipse.ui,3.6.1.M20100826-1330,"org.eclipse.ui.edit.text.contentAssist.proposals",1425348165265
executed,command,org.eclipse.ui,3.6.1.M20100826-1330,"org.eclipse.ui.file.save",1425348172888
activated,view,org.eclipse.ui.console,3.5.0.v20100526,"org.eclipse.ui.console.ConsoleView",1425348174176
activated,editor,org.eclipse.jdt.ui,3.6.1.r361_v20100825-0800,"org.eclipse.jdt.ui.CompilationUnitEditor",1425348184643
executed,command,org.eclipse.ui,3.6.1.M20100826-1330,"org.eclipse.ui.file.save",1425348193429
activated,view,org.eclipse.ui.console,3.5.0.v20100526,"org.eclipse.ui.console.ConsoleView",1425348194490
activated,editor,org.eclipse.jdt.ui,3.6.1.r361_v20100825-0800,"org.eclipse.jdt.ui.CompilationUnitEditor",1425348204576
executed,command,org.eclipse.ui,3.6.1.M20100826-1330,"org.eclipse.ui.file.save",1425348211980
deactivated,workbench,org.eclipse.ui.workbench,3.6.1.M20100826-1330,"",1425348212985
activated,workbench,org.eclipse.ui.workbench,3.6.1.M20100826-1330,"",1425348321180
activated,view,org.eclipse.ui.console,3.5.0.v20100526,"org.eclipse.ui.console.ConsoleView",1425348329775
activated,editor,org.eclipse.jdt.ui,3.6.1.r361_v20100825-0800,"org.eclipse.jdt.ui.CompilationUnitEditor",1425348339950
activated,view,org.eclipse.ui.console,3.5.0.v20100526,"org.eclipse.ui.console.ConsoleView",1425348359287
activated,editor,org.eclipse.jdt.ui,3.6.1.r361_v20100825-0800,"org.eclipse.jdt.ui.CompilationUnitEditor",1425348364946
executed,command,org.eclipse.ui,3.6.1.M20100826-1330,"org.eclipse.ui.edit.text.contentAssist.proposals",1425348405762
deactivated,workbench,org.eclipse.ui.workbench,3.6.1.M20100826-1330,"",1425348429422
activated,workbench,org.eclipse.ui.workbench,3.6.1.M20100826-1330,"",1425348438571
activated,view,org.eclipse.ui.console,3.5.0.v20100526,"org.eclipse.ui.console.ConsoleView",1425348438602
deactivated,workbench,org.eclipse.ui.workbench,3.6.1.M20100826-1330,"",1425348444210
activated,workbench,org.eclipse.ui.workbench,3.6.1.M20100826-1330,"",1425348457602
executed,command,org.eclipse.debug.ui,3.6.1.v20100901_r361,"org.eclipse.debug.ui.commands.OpenRunConfigurations",1425348457646
deactivated,workbench,org.eclipse.ui.workbench,3.6.1.M20100826-1330,"",1425348466901
activated,workbench,org.eclipse.ui.workbench,3.6.1.M20100826-1330,"",1425348478594
activated,editor,org.eclipse.jdt.ui,3.6.1.r361_v20100825-0800,"org.eclipse.jdt.ui.CompilationUnitEditor",1425348484702
executed,command,org.eclipse.ui,3.6.1.M20100826-1330,"org.eclipse.ui.edit.text.contentAssist.proposals",1425348491728
executed,command,org.eclipse.ui,3.6.1.M20100826-1330,"org.eclipse.ui.file.save",1425348495833
activated,view,org.eclipse.ui.console,3.5.0.v20100526,"org.eclipse.ui.console.ConsoleView",1425348498706
deactivated,workbench,org.eclipse.ui.workbench,3.6.1.M20100826-1330,"",1425348514541
activated,workbench,org.eclipse.ui.workbench,3.6.1.M20100826-1330,"",1425348609653
deactivated,workbench,org.eclipse.ui.workbench,3.6.1.M20100826-1330,"",1425348611638
activated,workbench,org.eclipse.ui.workbench,3.6.1.M20100826-1330,"",1425348813102
activated,editor,org.eclipse.jdt.ui,3.6.1.r361_v20100825-0800,"org.eclipse.jdt.ui.CompilationUnitEditor",1425348815456
deactivated,workbench,org.eclipse.ui.workbench,3.6.1.M20100826-1330,"",1425348825641
activated,workbench,org.eclipse.ui.workbench,3.6.1.M20100826-1330,"",1425348839106
executed,command,org.eclipse.debug.ui,3.6.1.v20100901_r361,"org.eclipse.debug.ui.commands.OpenRunConfigurations",1425348839160
deactivated,workbench,org.eclipse.ui.workbench,3.6.1.M20100826-1330,"",1425348843815
activated,workbench,org.eclipse.ui.workbench,3.6.1.M20100826-1330,"",1425348848213
activated,view,org.eclipse.ui.console,3.5.0.v20100526,"org.eclipse.ui.console.ConsoleView",1425348849044
activated,editor,org.eclipse.jdt.ui,3.6.1.r361_v20100825-0800,"org.eclipse.jdt.ui.CompilationUnitEditor",1425348854463
deactivated,workbench,org.eclipse.ui.workbench,3.6.1.M20100826-1330,"",1425348859549
activated,workbench,org.eclipse.ui.workbench,3.6.1.M20100826-1330,"",1425348871570
executed,command,org.eclipse.ui,3.6.1.M20100826-1330,"org.eclipse.ui.edit.paste",1425348875546
executed,command,org.eclipse.ui,3.6.1.M20100826-1330,"org.eclipse.ui.file.save",1425348898666
activated,view,org.eclipse.ui.console,3.5.0.v20100526,"org.eclipse.ui.console.ConsoleView",1425348900463
activated,editor,org.eclipse.jdt.ui,3.6.1.r361_v20100825-0800,"org.eclipse.jdt.ui.CompilationUnitEditor",1425348911812
activated,view,org.eclipse.jdt.ui,3.6.1.r361_v20100825-0800,"org.eclipse.jdt.ui.PackageExplorer",1425348915567
opened,editor,org.eclipse.jdt.ui,3.6.1.r361_v20100825-0800,"org.eclipse.jdt.ui.CompilationUnitEditor",1425348920982
activated,editor,org.eclipse.jdt.ui,3.6.1.r361_v20100825-0800,"org.eclipse.jdt.ui.CompilationUnitEditor",1425348921190
activated,view,org.eclipse.jdt.ui,3.6.1.r361_v20100825-0800,"org.eclipse.jdt.ui.PackageExplorer",1425348927010
activated,editor,org.eclipse.jdt.ui,3.6.1.r361_v20100825-0800,"org.eclipse.jdt.ui.CompilationUnitEditor",1425348927346
executed,command,org.eclipse.ui,3.6.1.M20100826-1330,"org.eclipse.ui.edit.copy",1425348934387
activated,view,org.eclipse.jdt.ui,3.6.1.r361_v20100825-0800,"org.eclipse.jdt.ui.PackageExplorer",1425348937059
activated,editor,org.eclipse.jdt.ui,3.6.1.r361_v20100825-0800,"org.eclipse.jdt.ui.CompilationUnitEditor",1425348937382
activated,editor,org.eclipse.jdt.ui,3.6.1.r361_v20100825-0800,"org.eclipse.jdt.ui.CompilationUnitEditor",1425348941355
executed,command,org.eclipse.ui,3.6.1.M20100826-1330,"org.eclipse.ui.edit.copy",1425348953282
activated,editor,org.eclipse.jdt.ui,3.6.1.r361_v20100825-0800,"org.eclipse.jdt.ui.CompilationUnitEditor",1425348954962
executed,command,org.eclipse.ui,3.6.1.M20100826-1330,"org.eclipse.ui.edit.paste",1425348957937
executed,command,org.eclipse.ui,3.6.1.M20100826-1330,"org.eclipse.ui.file.save",1425348960128
activated,view,org.eclipse.ui.console,3.5.0.v20100526,"org.eclipse.ui.console.ConsoleView",1425348966818
activated,editor,org.eclipse.jdt.ui,3.6.1.r361_v20100825-0800,"org.eclipse.jdt.ui.CompilationUnitEditor",1425348974754
executed,command,org.eclipse.ui,3.6.1.M20100826-1330,"org.eclipse.ui.edit.text.contentAssist.proposals",1425348980683
executed,command,org.eclipse.ui,3.6.1.M20100826-1330,"org.eclipse.ui.file.save",1425348983762
activated,view,org.eclipse.ui.console,3.5.0.v20100526,"org.eclipse.ui.console.ConsoleView",1425348991890
deactivated,workbench,org.eclipse.ui.workbench,3.6.1.M20100826-1330,"",1425349002224
activated,workbench,org.eclipse.ui.workbench,3.6.1.M20100826-1330,"",1425349003619
deactivated,workbench,org.eclipse.ui.workbench,3.6.1.M20100826-1330,"",1425349003931
activated,workbench,org.eclipse.ui.workbench,3.6.1.M20100826-1330,"",1425349091708
activated,editor,org.eclipse.jdt.ui,3.6.1.r361_v20100825-0800,"org.eclipse.jdt.ui.CompilationUnitEditor",1425349091759
executed,command,org.eclipse.ui,3.6.1.M20100826-1330,"org.eclipse.ui.edit.text.contentAssist.proposals",1425349104054
executed,command,org.eclipse.ui,3.6.1.M20100826-1330,"org.eclipse.ui.file.save",1425349106245
activated,view,org.eclipse.ui.console,3.5.0.v20100526,"org.eclipse.ui.console.ConsoleView",1425349112506
activated,editor,org.eclipse.jdt.ui,3.6.1.r361_v20100825-0800,"org.eclipse.jdt.ui.CompilationUnitEditor",1425349121434
executed,command,org.eclipse.ui,3.6.1.M20100826-1330,"org.eclipse.ui.file.save",1425349140953
activated,view,org.eclipse.ui.console,3.5.0.v20100526,"org.eclipse.ui.console.ConsoleView",1425349146296
activated,view,org.eclipse.jdt.ui,3.6.1.r361_v20100825-0800,"org.eclipse.jdt.ui.PackageExplorer",1425349156843
activated,editor,org.eclipse.jdt.ui,3.6.1.r361_v20100825-0800,"org.eclipse.jdt.ui.CompilationUnitEditor",1425349157745
activated,view,org.eclipse.ui.console,3.5.0.v20100526,"org.eclipse.ui.console.ConsoleView",1425349163273
activated,editor,org.eclipse.jdt.ui,3.6.1.r361_v20100825-0800,"org.eclipse.jdt.ui.CompilationUnitEditor",1425349168294
activated,editor,org.eclipse.jdt.ui,3.6.1.r361_v20100825-0800,"org.eclipse.jdt.ui.CompilationUnitEditor",1425349188330
activated,editor,org.eclipse.jdt.ui,3.6.1.r361_v20100825-0800,"org.eclipse.jdt.ui.CompilationUnitEditor",1425349189503
deactivated,workbench,org.eclipse.ui.workbench,3.6.1.M20100826-1330,"",1425349190652
activated,workbench,org.eclipse.ui.workbench,3.6.1.M20100826-1330,"",1425349243420
activated,view,org.eclipse.jdt.ui,3.6.1.r361_v20100825-0800,"org.eclipse.jdt.ui.PackageExplorer",1425349244997
activated,editor,org.eclipse.jdt.ui,3.6.1.r361_v20100825-0800,"org.eclipse.jdt.ui.CompilationUnitEditor",1425349245205
activated,view,org.eclipse.jdt.ui,3.6.1.r361_v20100825-0800,"org.eclipse.jdt.ui.PackageExplorer",1425349246232
opened,editor,org.eclipse.jdt.ui,3.6.1.r361_v20100825-0800,"org.eclipse.jdt.ui.CompilationUnitEditor",1425349246523
activated,editor,org.eclipse.jdt.ui,3.6.1.r361_v20100825-0800,"org.eclipse.jdt.ui.CompilationUnitEditor",1425349246713
activated,editor,org.eclipse.jdt.ui,3.6.1.r361_v20100825-0800,"org.eclipse.jdt.ui.CompilationUnitEditor",1425349254718
activated,view,org.eclipse.jdt.ui,3.6.1.r361_v20100825-0800,"org.eclipse.jdt.ui.PackageExplorer",1425349259126
opened,editor,org.eclipse.jdt.ui,3.6.1.r361_v20100825-0800,"org.eclipse.jdt.ui.CompilationUnitEditor",1425349259445
activated,editor,org.eclipse.jdt.ui,3.6.1.r361_v20100825-0800,"org.eclipse.jdt.ui.CompilationUnitEditor",1425349259647
deactivated,workbench,org.eclipse.ui.workbench,3.6.1.M20100826-1330,"",1425349277250
activated,workbench,org.eclipse.ui.workbench,3.6.1.M20100826-1330,"",1425349377068
executed,command,org.eclipse.ui,3.6.1.M20100826-1330,"org.eclipse.ui.edit.copy",1425349465301
executed,command,org.eclipse.ui,3.6.1.M20100826-1330,"org.eclipse.ui.edit.paste",1425349477130
executed,command,org.eclipse.ui,3.6.1.M20100826-1330,"org.eclipse.ui.file.save",1425349524098
activated,view,org.eclipse.jdt.ui,3.6.1.r361_v20100825-0800,"org.eclipse.jdt.ui.PackageExplorer",1425349529238
activated,editor,org.eclipse.jdt.ui,3.6.1.r361_v20100825-0800,"org.eclipse.jdt.ui.CompilationUnitEditor",1425349531132
activated,view,org.eclipse.jdt.ui,3.6.1.r361_v20100825-0800,"org.eclipse.jdt.ui.PackageExplorer",1425349540959
activated,editor,org.eclipse.jdt.ui,3.6.1.r361_v20100825-0800,"org.eclipse.jdt.ui.CompilationUnitEditor",1425349541317
activated,view,org.eclipse.ui.console,3.5.0.v20100526,"org.eclipse.ui.console.ConsoleView",1425349556403
activated,view,org.eclipse.jdt.ui,3.6.1.r361_v20100825-0800,"org.eclipse.jdt.ui.PackageExplorer",1425349560156
activated,editor,org.eclipse.jdt.ui,3.6.1.r361_v20100825-0800,"org.eclipse.jdt.ui.CompilationUnitEditor",1425349561716
executed,command,org.eclipse.ui,3.6.1.M20100826-1330,"org.eclipse.ui.edit.copy",1425349568073
activated,view,org.eclipse.jdt.ui,3.6.1.r361_v20100825-0800,"org.eclipse.jdt.ui.PackageExplorer",1425349571059
opened,editor,org.eclipse.jdt.ui,3.6.1.r361_v20100825-0800,"org.eclipse.jdt.ui.CompilationUnitEditor",1425349571346
activated,editor,org.eclipse.jdt.ui,3.6.1.r361_v20100825-0800,"org.eclipse.jdt.ui.CompilationUnitEditor",1425349571562
executed,command,org.eclipse.ui,3.6.1.M20100826-1330,"org.eclipse.ui.edit.paste",1425349574171
executed,command,org.eclipse.ui,3.6.1.M20100826-1330,"org.eclipse.ui.edit.copy",1425349582708
executed,command,org.eclipse.ui,3.6.1.M20100826-1330,"org.eclipse.ui.edit.paste",1425349584510
executed,command,org.eclipse.ui,3.6.1.M20100826-1330,"org.eclipse.ui.file.save",1425349587040
activated,view,org.eclipse.jdt.ui,3.6.1.r361_v20100825-0800,"org.eclipse.jdt.ui.PackageExplorer",1425349591424
activated,editor,org.eclipse.jdt.ui,3.6.1.r361_v20100825-0800,"org.eclipse.jdt.ui.CompilationUnitEditor",1425349591715
executed,command,org.eclipse.ui,3.6.1.M20100826-1330,"org.eclipse.ui.edit.copy",1425349596266
executed,command,org.eclipse.ui,3.6.1.M20100826-1330,"org.eclipse.ui.edit.paste",1425349598962
executed,command,,,"AUTOGEN:::org.eclipse.jdt.internal.ui.CompilationUnitEditor.ruler.actions/org.eclipse.jdt.internal.ui.javaeditor.JavaSelectRulerAction",1425349619440
deactivated,workbench,org.eclipse.ui.workbench,3.6.1.M20100826-1330,"",1425349620627
activated,workbench,org.eclipse.ui.workbench,3.6.1.M20100826-1330,"",1425349620848
executed,command,org.eclipse.ui,3.6.1.M20100826-1330,"org.eclipse.ui.file.save",1425349634198
activated,editor,org.eclipse.jdt.ui,3.6.1.r361_v20100825-0800,"org.eclipse.jdt.ui.CompilationUnitEditor",1425349636527
executed,command,org.eclipse.ui,3.6.1.M20100826-1330,"org.eclipse.ui.edit.copy",1425349640822
activated,view,org.eclipse.jdt.ui,3.6.1.r361_v20100825-0800,"org.eclipse.jdt.ui.PackageExplorer",1425349642207
opened,editor,org.eclipse.jdt.ui,3.6.1.r361_v20100825-0800,"org.eclipse.jdt.ui.CompilationUnitEditor",1425349642530
activated,editor,org.eclipse.jdt.ui,3.6.1.r361_v20100825-0800,"org.eclipse.jdt.ui.CompilationUnitEditor",1425349642719
executed,command,org.eclipse.ui,3.6.1.M20100826-1330,"org.eclipse.ui.edit.selectAll",1425349644898
executed,command,org.eclipse.ui,3.6.1.M20100826-1330,"org.eclipse.ui.edit.paste",1425349648216
executed,command,org.eclipse.ui,3.6.1.M20100826-1330,"org.eclipse.ui.file.save",1425349650127
activated,view,org.eclipse.jdt.ui,3.6.1.r361_v20100825-0800,"org.eclipse.jdt.ui.PackageExplorer",1425349654984
activated,editor,org.eclipse.jdt.ui,3.6.1.r361_v20100825-0800,"org.eclipse.jdt.ui.CompilationUnitEditor",1425349655270
executed,command,org.eclipse.ui,3.6.1.M20100826-1330,"org.eclipse.ui.edit.text.contentAssist.proposals",1425349660706
executed,command,org.eclipse.ui,3.6.1.M20100826-1330,"org.eclipse.ui.edit.copy",1425349678578
executed,command,org.eclipse.ui,3.6.1.M20100826-1330,"org.eclipse.ui.edit.paste",1425349680300
executed,command,org.eclipse.ui,3.6.1.M20100826-1330,"org.eclipse.ui.edit.text.contentAssist.proposals",1425349695424
executed,command,org.eclipse.ui,3.6.1.M20100826-1330,"org.eclipse.ui.file.save",1425349703442
activated,view,org.eclipse.ui.console,3.5.0.v20100526,"org.eclipse.ui.console.ConsoleView",1425349706505
activated,view,org.eclipse.jdt.ui,3.6.1.r361_v20100825-0800,"org.eclipse.jdt.ui.PackageExplorer",1425349708145
activated,editor,org.eclipse.jdt.ui,3.6.1.r361_v20100825-0800,"org.eclipse.jdt.ui.CompilationUnitEditor",1425349709768
activated,view,org.eclipse.jdt.ui,3.6.1.r361_v20100825-0800,"org.eclipse.jdt.ui.PackageExplorer",1425349716255
activated,editor,org.eclipse.jdt.ui,3.6.1.r361_v20100825-0800,"org.eclipse.jdt.ui.CompilationUnitEditor",1425349716566
activated,view,org.eclipse.ui.console,3.5.0.v20100526,"org.eclipse.ui.console.ConsoleView",1425349721660
activated,editor,org.eclipse.jdt.ui,3.6.1.r361_v20100825-0800,"org.eclipse.jdt.ui.CompilationUnitEditor",1425349733148
executed,command,org.eclipse.ui,3.6.1.M20100826-1330,"org.eclipse.ui.edit.text.contentAssist.proposals",1425349736895
executed,command,org.eclipse.ui,3.6.1.M20100826-1330,"org.eclipse.ui.edit.text.contentAssist.proposals",1425349739454
executed,command,org.eclipse.ui,3.6.1.M20100826-1330,"org.eclipse.ui.file.save",1425349741857
executed,command,,,"AUTOGEN:::org.eclipse.jdt.internal.ui.CompilationUnitEditor.ruler.actions/org.eclipse.jdt.internal.ui.javaeditor.JavaSelectRulerAction",1425349744273
opened,view,org.eclipse.ui.ide,3.6.1.M20100825-0800,"org.eclipse.ui.views.ProblemView",1425349744811
deactivated,workbench,org.eclipse.ui.workbench,3.6.1.M20100826-1330,"",1425349745727
activated,workbench,org.eclipse.ui.workbench,3.6.1.M20100826-1330,"",1425349745945
executed,command,org.eclipse.ui,3.6.1.M20100826-1330,"org.eclipse.ui.edit.copy",1425349750974
activated,view,org.eclipse.jdt.ui,3.6.1.r361_v20100825-0800,"org.eclipse.jdt.ui.PackageExplorer",1425349753603
activated,editor,org.eclipse.jdt.ui,3.6.1.r361_v20100825-0800,"org.eclipse.jdt.ui.CompilationUnitEditor",1425349754826
activated,view,org.eclipse.jdt.ui,3.6.1.r361_v20100825-0800,"org.eclipse.jdt.ui.PackageExplorer",1425349756166
opened,editor,org.eclipse.jdt.ui,3.6.1.r361_v20100825-0800,"org.eclipse.jdt.ui.CompilationUnitEditor",1425349756479
activated,editor,org.eclipse.jdt.ui,3.6.1.r361_v20100825-0800,"org.eclipse.jdt.ui.CompilationUnitEditor",1425349756677
executed,command,org.eclipse.ui,3.6.1.M20100826-1330,"org.eclipse.ui.edit.paste",1425349759265
executed,command,org.eclipse.ui,3.6.1.M20100826-1330,"org.eclipse.ui.file.save",1425349760391
activated,view,org.eclipse.ui.console,3.5.0.v20100526,"org.eclipse.ui.console.ConsoleView",1425349762239
activated,view,org.eclipse.jdt.ui,3.6.1.r361_v20100825-0800,"org.eclipse.jdt.ui.PackageExplorer",1425349767298
activated,editor,org.eclipse.jdt.ui,3.6.1.r361_v20100825-0800,"org.eclipse.jdt.ui.CompilationUnitEditor",1425349767609
activated,view,org.eclipse.jdt.ui,3.6.1.r361_v20100825-0800,"org.eclipse.jdt.ui.PackageExplorer",1425349774089
activated,editor,org.eclipse.jdt.ui,3.6.1.r361_v20100825-0800,"org.eclipse.jdt.ui.CompilationUnitEditor",1425349774392
activated,view,org.eclipse.ui.console,3.5.0.v20100526,"org.eclipse.ui.console.ConsoleView",1425349778366
activated,editor,org.eclipse.jdt.ui,3.6.1.r361_v20100825-0800,"org.eclipse.jdt.ui.CompilationUnitEditor",1425349798444
executed,command,org.eclipse.ui,3.6.1.M20100826-1330,"org.eclipse.ui.file.save",1425349802019
activated,view,org.eclipse.ui.console,3.5.0.v20100526,"org.eclipse.ui.console.ConsoleView",1425349806443
activated,editor,org.eclipse.jdt.ui,3.6.1.r361_v20100825-0800,"org.eclipse.jdt.ui.CompilationUnitEditor",1425349810371
executed,command,org.eclipse.ui,3.6.1.M20100826-1330,"org.eclipse.ui.file.save",1425349812573
executed,command,org.eclipse.ui,3.6.1.M20100826-1330,"org.eclipse.ui.file.save",1425349822215
activated,view,org.eclipse.ui.console,3.5.0.v20100526,"org.eclipse.ui.console.ConsoleView",1425349827573
activated,editor,org.eclipse.jdt.ui,3.6.1.r361_v20100825-0800,"org.eclipse.jdt.ui.CompilationUnitEditor",1425349830124
executed,command,org.eclipse.ui,3.6.1.M20100826-1330,"org.eclipse.ui.edit.text.contentAssist.proposals",1425349833751
executed,command,org.eclipse.ui,3.6.1.M20100826-1330,"org.eclipse.ui.file.save",1425349836114
activated,view,org.eclipse.ui.console,3.5.0.v20100526,"org.eclipse.ui.console.ConsoleView",1425349837925
activated,editor,org.eclipse.jdt.ui,3.6.1.r361_v20100825-0800,"org.eclipse.jdt.ui.CompilationUnitEditor",1425349853709
executed,command,org.eclipse.ui,3.6.1.M20100826-1330,"org.eclipse.ui.file.save",1425349863269
activated,view,org.eclipse.ui.console,3.5.0.v20100526,"org.eclipse.ui.console.ConsoleView",1425349870862
executed,command,org.eclipse.ui,3.6.1.M20100826-1330,"org.eclipse.ui.edit.copy",1425349889670
activated,editor,org.eclipse.jdt.ui,3.6.1.r361_v20100825-0800,"org.eclipse.jdt.ui.CompilationUnitEditor",1425349891235
activated,view,org.eclipse.jdt.ui,3.6.1.r361_v20100825-0800,"org.eclipse.jdt.ui.PackageExplorer",1425349893520
activated,editor,org.eclipse.jdt.ui,3.6.1.r361_v20100825-0800,"org.eclipse.jdt.ui.CompilationUnitEditor",1425349893842
activated,view,org.eclipse.jdt.ui,3.6.1.r361_v20100825-0800,"org.eclipse.jdt.ui.PackageExplorer",1425349896937
activated,editor,org.eclipse.jdt.ui,3.6.1.r361_v20100825-0800,"org.eclipse.jdt.ui.CompilationUnitEditor",1425349897241
executed,command,org.eclipse.ui,3.6.1.M20100826-1330,"org.eclipse.ui.file.save",1425349903829
activated,view,org.eclipse.jdt.ui,3.6.1.r361_v20100825-0800,"org.eclipse.jdt.ui.PackageExplorer",1425349905616
activated,editor,org.eclipse.jdt.ui,3.6.1.r361_v20100825-0800,"org.eclipse.jdt.ui.CompilationUnitEditor",1425349905911
executed,command,org.eclipse.ui,3.6.1.M20100826-1330,"org.eclipse.ui.file.save",1425349911670
executed,command,org.eclipse.ui,3.6.1.M20100826-1330,"org.eclipse.ui.file.save",1425349915918
activated,view,org.eclipse.jdt.ui,3.6.1.r361_v20100825-0800,"org.eclipse.jdt.ui.PackageExplorer",1425349921967
activated,editor,org.eclipse.jdt.ui,3.6.1.r361_v20100825-0800,"org.eclipse.jdt.ui.CompilationUnitEditor",1425349922165
activated,view,org.eclipse.jdt.ui,3.6.1.r361_v20100825-0800,"org.eclipse.jdt.ui.PackageExplorer",1425349923382
activated,editor,org.eclipse.jdt.ui,3.6.1.r361_v20100825-0800,"org.eclipse.jdt.ui.CompilationUnitEditor",1425349923681
executed,command,org.eclipse.ui,3.6.1.M20100826-1330,"org.eclipse.ui.edit.selectAll",1425349925212
executed,command,org.eclipse.ui,3.6.1.M20100826-1330,"org.eclipse.ui.edit.copy",1425349925767
activated,view,org.eclipse.jdt.ui,3.6.1.r361_v20100825-0800,"org.eclipse.jdt.ui.PackageExplorer",1425349927087
activated,editor,org.eclipse.jdt.ui,3.6.1.r361_v20100825-0800,"org.eclipse.jdt.ui.CompilationUnitEditor",1425349927396
executed,command,org.eclipse.ui,3.6.1.M20100826-1330,"org.eclipse.ui.edit.selectAll",1425349928458
executed,command,org.eclipse.ui,3.6.1.M20100826-1330,"org.eclipse.ui.edit.paste",1425349929195
executed,command,org.eclipse.ui,3.6.1.M20100826-1330,"org.eclipse.ui.file.save",1425349930500
activated,view,org.eclipse.ui.console,3.5.0.v20100526,"org.eclipse.ui.console.ConsoleView",1425349931856
activated,view,org.eclipse.jdt.ui,3.6.1.r361_v20100825-0800,"org.eclipse.jdt.ui.PackageExplorer",1425349934955
activated,editor,org.eclipse.jdt.ui,3.6.1.r361_v20100825-0800,"org.eclipse.jdt.ui.CompilationUnitEditor",1425349936135
activated,view,org.eclipse.jdt.ui,3.6.1.r361_v20100825-0800,"org.eclipse.jdt.ui.PackageExplorer",1425349937249
activated,editor,org.eclipse.jdt.ui,3.6.1.r361_v20100825-0800,"org.eclipse.jdt.ui.CompilationUnitEditor",1425349937580
activated,view,org.eclipse.jdt.ui,3.6.1.r361_v20100825-0800,"org.eclipse.jdt.ui.PackageExplorer",1425349943850
activated,editor,org.eclipse.jdt.ui,3.6.1.r361_v20100825-0800,"org.eclipse.jdt.ui.CompilationUnitEditor",1425349944163
executed,command,org.eclipse.ui,3.6.1.M20100826-1330,"org.eclipse.ui.edit.text.contentAssist.proposals",1425349950218
executed,command,org.eclipse.ui,3.6.1.M20100826-1330,"org.eclipse.ui.file.save",1425349953077
